maj500.MGU	R_PRINZ	a
maj500.MGU	R_PRINZ	b
maj501.MGU	ORKBCH44	a
maj501.MGU	MarcusM	a
maj502.MGU	Zydeco1	a
maj502.MGU	Zydeco1	b
maj503.MGU	MerSlow	a
maj503.MGU	C_BILLY	b
maj504.MGU	J!TRAD	a
maj504.MGU	City1	b
maj505.MGU	Seeker	b
maj505.MGU	Big+	b
maj506.MGU	C_BILLY	a
maj506.MGU	LEANDER	b
maj507.MGU	ROCK8_2	a
maj507.MGU	Z4BOSSA	a
maj508.MGU	City1	a
maj508.MGU	ZZRHUMBA	b
maj509.MGU	ROCK8_2	b
maj509.MGU	RB_JACK5	a
maj510.MGU	BGPOP	a
maj510.MGU	C_TIM	b
maj511.MGU	ChaGuiro	a
maj511.MGU	BGPOP	b
maj512.MGU	Seeker	a
maj512.MGU	C_TIM	a
maj513.MGU	ZZRHUMBA	a
maj513.MGU	LEANDER	a
maj514.MGU	Z4BOSSA	b
maj514.MGU	J!TRAD	b
maj515.MGU	Sailing	a
maj515.MGU	Big+	a
maj516.MGU	Florida1	a
maj516.MGU	Sailing	b
maj517.MGU	MerSlow	b
maj517.MGU	ChaGuiro	b
maj518.MGU	RB_JACK5	b
maj518.MGU	Florida1	b
maj519.MGU	ORKBCH44	b
maj519.MGU	MarcusM	b
maj520.MGU	BGPOP	b
maj520.MGU	C_BILLY	b
maj521.MGU	ZZRHUMBA	b
maj521.MGU	Sailing	a
maj522.MGU	MarcusM	b
maj522.MGU	J!TRAD	b
maj523.MGU	City1	a
maj523.MGU	Zydeco1	b
maj524.MGU	Z4BOSSA	a
maj524.MGU	ORKBCH44	a
maj525.MGU	Florida1	b
maj525.MGU	ZZRHUMBA	a
maj526.MGU	Big+	a
maj526.MGU	RB_JACK5	a
maj527.MGU	LEANDER	a
maj527.MGU	MerSlow	b
maj528.MGU	C_BILLY	a
maj528.MGU	ChaGuiro	a
maj529.MGU	J!TRAD	a
maj529.MGU	Big+	b
maj530.MGU	LEANDER	b
maj530.MGU	R_PRINZ	a
maj531.MGU	Florida1	a
maj531.MGU	ORKBCH44	b
maj532.MGU	Seeker	b
maj532.MGU	C_TIM	b
maj533.MGU	C_TIM	a
maj533.MGU	ROCK8_2	b
maj534.MGU	RB_JACK5	b
maj534.MGU	Z4BOSSA	b
maj535.MGU	MerSlow	a
maj535.MGU	Sailing	b
maj536.MGU	ROCK8_2	a
maj536.MGU	ChaGuiro	b
maj537.MGU	Zydeco1	a
maj537.MGU	BGPOP	a
maj538.MGU	MarcusM	a
maj538.MGU	City1	b
maj539.MGU	Seeker	a
maj539.MGU	R_PRINZ	b
maj540.MGU	Big+	a
maj540.MGU	Z4BOSSA	b
maj541.MGU	ORKBCH44	a
maj541.MGU	City1	b
maj542.MGU	ROCK8_2	b
maj542.MGU	Sailing	b
maj543.MGU	LEANDER	a
maj543.MGU	Z4BOSSA	a
maj544.MGU	Florida1	a
maj544.MGU	ChaGuiro	a
maj545.MGU	Seeker	b
maj545.MGU	Florida1	b
maj546.MGU	J!TRAD	a
maj546.MGU	MerSlow	b
maj547.MGU	ZZRHUMBA	b
maj547.MGU	RB_JACK5	a
maj548.MGU	Big+	b
maj548.MGU	Sailing	a
maj549.MGU	Zydeco1	a
maj549.MGU	C_BILLY	a
maj550.MGU	Seeker	a
maj550.MGU	ChaGuiro	b
maj551.MGU	Zydeco1	b
maj551.MGU	J!TRAD	b
maj552.MGU	LEANDER	b
maj552.MGU	BGPOP	b
maj553.MGU	City1	a
maj553.MGU	MarcusM	a
maj554.MGU	BGPOP	a
maj554.MGU	ORKBCH44	b
maj555.MGU	RB_JACK5	b
maj555.MGU	MerSlow	a
maj556.MGU	ROCK8_2	a
maj556.MGU	ZZRHUMBA	a
maj557.MGU	R_PRINZ	b
maj557.MGU	C_TIM	a
maj558.MGU	C_TIM	b
maj558.MGU	C_BILLY	b
maj559.MGU	R_PRINZ	a
maj559.MGU	MarcusM	b
maj560.MGU	Z4BOSSA	a
maj560.MGU	Sailing	b
maj561.MGU	J!TRAD	a
maj561.MGU	ChaGuiro	a
maj562.MGU	C_TIM	a
maj562.MGU	MerSlow	a
maj563.MGU	ROCK8_2	b
maj563.MGU	Z4BOSSA	b
maj564.MGU	C_BILLY	a
maj564.MGU	City1	a
maj565.MGU	Seeker	b
maj565.MGU	Florida1	a
maj566.MGU	Big+	a
maj566.MGU	ORKBCH44	b
maj567.MGU	LEANDER	a
maj567.MGU	ROCK8_2	a
maj568.MGU	C_BILLY	b
maj568.MGU	LEANDER	b
maj569.MGU	Zydeco1	a
maj569.MGU	ORKBCH44	a
maj570.MGU	ZZRHUMBA	a
maj570.MGU	Sailing	a
maj571.MGU	ZZRHUMBA	b
maj571.MGU	Big+	b
maj572.MGU	Seeker	a
maj572.MGU	RB_JACK5	a
maj573.MGU	ChaGuiro	b
maj573.MGU	MerSlow	b
maj574.MGU	MarcusM	a
maj574.MGU	C_TIM	b
maj575.MGU	J!TRAD	b
maj575.MGU	BGPOP	b
maj576.MGU	R_PRINZ	a
maj576.MGU	MarcusM	b
maj577.MGU	BGPOP	a
maj577.MGU	Zydeco1	b
maj578.MGU	Florida1	b
maj578.MGU	City1	b
maj579.MGU	RB_JACK5	b
maj579.MGU	R_PRINZ	b
maj580.MGU	LEANDER	b
maj580.MGU	ORKBCH44	a
maj581.MGU	RB_JACK5	b
maj581.MGU	Florida1	b
maj582.MGU	Florida1	a
maj582.MGU	Z4BOSSA	b
maj583.MGU	C_BILLY	a
maj583.MGU	ChaGuiro	a
maj584.MGU	Zydeco1	b
maj584.MGU	BGPOP	a
maj585.MGU	ORKBCH44	b
maj585.MGU	LEANDER	a
maj586.MGU	Sailing	a
maj586.MGU	City1	a
maj587.MGU	Big+	b
maj587.MGU	City1	b
maj588.MGU	MerSlow	b
maj588.MGU	Sailing	b
maj589.MGU	C_BILLY	b
maj589.MGU	Seeker	b
maj590.MGU	Zydeco1	a
maj590.MGU	Seeker	a
maj591.MGU	ZZRHUMBA	a
maj591.MGU	Big+	a
maj592.MGU	MarcusM	a
maj592.MGU	ROCK8_2	b
maj593.MGU	C_TIM	a
maj593.MGU	J!TRAD	a
maj594.MGU	MerSlow	a
maj594.MGU	Z4BOSSA	a
maj595.MGU	ZZRHUMBA	b
maj595.MGU	C_TIM	b
maj596.MGU	RB_JACK5	a
maj596.MGU	MarcusM	b
maj597.MGU	ChaGuiro	b
maj597.MGU	BGPOP	b
maj598.MGU	ROCK8_2	a
maj598.MGU	J!TRAD	b
maj599.MGU	R_PRINZ	a
maj599.MGU	R_PRINZ	b
maj600.MGU	ROCK8_2	a
maj600.MGU	C_BILLY	b
maj601.MGU	BGPOP	a
maj601.MGU	R_PRINZ	a
maj602.MGU	Z4BOSSA	b
maj602.MGU	City1	b
maj603.MGU	Seeker	a
maj603.MGU	Big+	b
maj604.MGU	City1	a
maj604.MGU	Florida1	a
maj605.MGU	BGPOP	b
maj605.MGU	MerSlow	a
maj606.MGU	ChaGuiro	b
maj606.MGU	J!TRAD	b
maj607.MGU	ChaGuiro	a
maj607.MGU	C_TIM	a
maj608.MGU	ZZRHUMBA	a
maj608.MGU	MarcusM	b
maj609.MGU	C_TIM	b
maj609.MGU	ZZRHUMBA	b
maj610.MGU	Zydeco1	a
maj610.MGU	Sailing	b
maj611.MGU	MarcusM	a
maj611.MGU	C_BILLY	a
maj612.MGU	Z4BOSSA	a
maj612.MGU	RB_JACK5	b
maj613.MGU	MerSlow	b
maj613.MGU	R_PRINZ	b
maj614.MGU	Seeker	b
maj614.MGU	Florida1	b
maj615.MGU	J!TRAD	a
maj615.MGU	Sailing	a
maj616.MGU	Big+	a
maj616.MGU	ROCK8_2	b
maj617.MGU	LEANDER	a
maj617.MGU	LEANDER	b
maj618.MGU	RB_JACK5	a
maj618.MGU	Zydeco1	b
maj619.MGU	ORKBCH44	a
maj619.MGU	ORKBCH44	b
maj620.MGU	MarcusM	a
maj620.MGU	Sailing	b
maj621.MGU	R_PRINZ	b
maj621.MGU	ChaGuiro	b
maj622.MGU	Z4BOSSA	b
maj622.MGU	ROCK8_2	a
maj623.MGU	Zydeco1	a
maj623.MGU	C_BILLY	b
maj624.MGU	BGPOP	b
maj624.MGU	ChaGuiro	a
maj625.MGU	LEANDER	a
maj625.MGU	J!TRAD	a
maj626.MGU	Big+	b
maj626.MGU	J!TRAD	b
maj627.MGU	ZZRHUMBA	a
maj627.MGU	C_BILLY	a
maj628.MGU	R_PRINZ	a
maj628.MGU	ROCK8_2	b
maj629.MGU	C_TIM	a
maj629.MGU	MerSlow	a
maj630.MGU	ORKBCH44	a
maj630.MGU	City1	a
maj631.MGU	BGPOP	a
maj631.MGU	MerSlow	b
maj632.MGU	Florida1	a
maj632.MGU	Z4BOSSA	a
maj633.MGU	MarcusM	b
maj633.MGU	RB_JACK5	b
maj634.MGU	LEANDER	b
maj634.MGU	Florida1	b
maj635.MGU	City1	b
maj635.MGU	RB_JACK5	a
maj636.MGU	Zydeco1	b
maj636.MGU	C_TIM	b
maj637.MGU	Sailing	a
maj637.MGU	Seeker	b
maj638.MGU	Big+	a
maj638.MGU	Seeker	a
maj639.MGU	ORKBCH44	b
maj639.MGU	ZZRHUMBA	b
maj640.MGU	ChaGuiro	b
maj640.MGU	Florida1	a
maj641.MGU	Seeker	b
maj641.MGU	C_BILLY	b
maj642.MGU	BGPOP	b
maj642.MGU	C_TIM	a
maj643.MGU	LEANDER	b
maj643.MGU	RB_JACK5	a
maj644.MGU	J!TRAD	a
maj644.MGU	ZZRHUMBA	b
maj645.MGU	ROCK8_2	b
maj645.MGU	C_BILLY	a
maj646.MGU	Big+	a
maj646.MGU	MarcusM	a
maj647.MGU	BGPOP	a
maj647.MGU	ORKBCH44	b
maj648.MGU	J!TRAD	b
maj648.MGU	Sailing	b
maj649.MGU	R_PRINZ	a
maj649.MGU	Zydeco1	a
maj650.MGU	Sailing	a
maj650.MGU	City1	b
maj651.MGU	Florida1	b
maj651.MGU	City1	a
maj652.MGU	MerSlow	a
maj652.MGU	ORKBCH44	a
maj653.MGU	LEANDER	a
maj653.MGU	ROCK8_2	a
maj654.MGU	Big+	b
maj654.MGU	ChaGuiro	a
maj655.MGU	Z4BOSSA	b
maj655.MGU	RB_JACK5	b
maj656.MGU	Z4BOSSA	a
maj656.MGU	C_TIM	b
maj657.MGU	MarcusM	b
maj657.MGU	MerSlow	b
maj658.MGU	ZZRHUMBA	a
maj658.MGU	Seeker	a
maj659.MGU	Zydeco1	b
maj659.MGU	R_PRINZ	b
maj660.MGU	MarcusM	b
maj660.MGU	Zydeco1	b
maj661.MGU	ChaGuiro	a
maj661.MGU	R_PRINZ	b
maj662.MGU	Seeker	a
maj662.MGU	C_TIM	b
maj663.MGU	J!TRAD	b
maj663.MGU	ORKBCH44	b
maj664.MGU	Big+	a
maj664.MGU	MerSlow	a
maj665.MGU	C_TIM	a
maj665.MGU	ZZRHUMBA	a
maj666.MGU	MarcusM	a
maj666.MGU	C_BILLY	a
maj667.MGU	Big+	b
maj667.MGU	Sailing	b
maj668.MGU	Z4BOSSA	b
maj668.MGU	BGPOP	a
maj669.MGU	Florida1	b
maj669.MGU	ROCK8_2	b
maj670.MGU	MerSlow	b
maj670.MGU	ChaGuiro	b
maj671.MGU	LEANDER	b
maj671.MGU	RB_JACK5	b
maj672.MGU	Florida1	a
maj672.MGU	City1	b
maj673.MGU	LEANDER	a
maj673.MGU	Sailing	a
maj674.MGU	ROCK8_2	a
maj674.MGU	City1	a
maj675.MGU	Zydeco1	a
maj675.MGU	BGPOP	b
maj676.MGU	Seeker	b
maj676.MGU	Z4BOSSA	a
maj677.MGU	C_BILLY	b
maj677.MGU	ORKBCH44	a
maj678.MGU	R_PRINZ	a
maj678.MGU	J!TRAD	a
maj679.MGU	RB_JACK5	a
maj679.MGU	ZZRHUMBA	b
maj680.MGU	MerSlow	a
maj680.MGU	BGPOP	a
maj681.MGU	Sailing	a
maj681.MGU	ORKBCH44	a
maj682.MGU	Florida1	b
maj682.MGU	C_BILLY	b
maj683.MGU	RB_JACK5	a
maj683.MGU	R_PRINZ	b
maj684.MGU	Florida1	a
maj684.MGU	R_PRINZ	a
maj685.MGU	City1	a
maj685.MGU	Sailing	b
maj686.MGU	LEANDER	a
maj686.MGU	J!TRAD	b
maj687.MGU	ChaGuiro	b
maj687.MGU	Z4BOSSA	b
maj688.MGU	C_TIM	b
maj688.MGU	MarcusM	a
maj689.MGU	C_TIM	a
maj689.MGU	LEANDER	b
maj690.MGU	Seeker	a
maj690.MGU	C_BILLY	a
maj691.MGU	ZZRHUMBA	b
maj691.MGU	ChaGuiro	a
maj692.MGU	ROCK8_2	a
maj692.MGU	BGPOP	b
maj693.MGU	J!TRAD	a
maj693.MGU	Zydeco1	a
maj694.MGU	ZZRHUMBA	a
maj694.MGU	Big+	a
maj695.MGU	Seeker	b
maj695.MGU	City1	b
maj696.MGU	Zydeco1	b
maj696.MGU	MarcusM	b
maj697.MGU	ROCK8_2	b
maj697.MGU	Big+	b
maj698.MGU	ORKBCH44	b
maj698.MGU	MerSlow	b
maj699.MGU	Z4BOSSA	a
maj699.MGU	RB_JACK5	b
maj700.MGU	RB_JACK5	a
maj700.MGU	MarcusM	a
maj701.MGU	Z4BOSSA	a
maj701.MGU	Seeker	b
maj702.MGU	C_TIM	a
maj702.MGU	LEANDER	b
maj703.MGU	MerSlow	b
maj703.MGU	C_TIM	b
maj704.MGU	C_BILLY	b
maj704.MGU	ChaGuiro	b
maj705.MGU	C_BILLY	a
maj705.MGU	Z4BOSSA	b
maj706.MGU	Florida1	a
maj706.MGU	R_PRINZ	a
maj707.MGU	ZZRHUMBA	b
maj707.MGU	R_PRINZ	b
maj708.MGU	BGPOP	a
maj708.MGU	MerSlow	a
maj709.MGU	Seeker	a
maj709.MGU	Big+	b
maj710.MGU	Florida1	b
maj710.MGU	City1	a
maj711.MGU	RB_JACK5	b
maj711.MGU	ROCK8_2	b
maj712.MGU	Zydeco1	b
maj712.MGU	J!TRAD	a
maj713.MGU	J!TRAD	b
maj713.MGU	Sailing	a
maj714.MGU	City1	b
maj714.MGU	LEANDER	a
maj715.MGU	Zydeco1	a
maj715.MGU	ZZRHUMBA	a
maj716.MGU	Sailing	b
maj716.MGU	ROCK8_2	a
maj717.MGU	ChaGuiro	a
maj717.MGU	Big+	a
maj718.MGU	BGPOP	b
maj718.MGU	MarcusM	b
maj719.MGU	ORKBCH44	a
maj719.MGU	ORKBCH44	b
maj720.MGU	RB_JACK5	a
maj720.MGU	C_TIM	a
maj721.MGU	Florida1	b
maj721.MGU	MerSlow	b
maj722.MGU	Zydeco1	b
maj722.MGU	City1	a
maj723.MGU	Z4BOSSA	b
maj723.MGU	ROCK8_2	a
maj724.MGU	MarcusM	a
maj724.MGU	BGPOP	b
maj725.MGU	Z4BOSSA	a
maj725.MGU	J!TRAD	a
maj726.MGU	ZZRHUMBA	b
maj726.MGU	J!TRAD	b
maj727.MGU	C_TIM	b
maj727.MGU	ZZRHUMBA	a
maj728.MGU	ROCK8_2	b
maj728.MGU	LEANDER	b
maj729.MGU	Big+	a
maj729.MGU	R_PRINZ	a
maj730.MGU	Florida1	a
maj730.MGU	Seeker	a
maj731.MGU	Seeker	b
maj731.MGU	ChaGuiro	b
maj732.MGU	BGPOP	a
maj732.MGU	C_BILLY	a
maj733.MGU	Sailing	b
maj733.MGU	ORKBCH44	a
maj734.MGU	MerSlow	a
maj734.MGU	C_BILLY	b
maj735.MGU	City1	b
maj735.MGU	MarcusM	b
maj736.MGU	Big+	b
maj736.MGU	LEANDER	a
maj737.MGU	R_PRINZ	b
maj737.MGU	ORKBCH44	b
maj738.MGU	ChaGuiro	a
maj738.MGU	RB_JACK5	b
maj739.MGU	Sailing	a
maj739.MGU	Zydeco1	a
maj740.MGU	LEANDER	a
maj740.MGU	ChaGuiro	a
maj741.MGU	C_TIM	b
maj741.MGU	Florida1	b
maj742.MGU	BGPOP	b
maj742.MGU	Florida1	a
maj743.MGU	Sailing	a
maj743.MGU	C_BILLY	a
maj744.MGU	Zydeco1	b
maj744.MGU	MerSlow	b
maj745.MGU	ZZRHUMBA	b
maj745.MGU	BGPOP	a
maj746.MGU	ROCK8_2	a
maj746.MGU	C_BILLY	b
maj747.MGU	ORKBCH44	a
maj747.MGU	ROCK8_2	b
maj748.MGU	LEANDER	b
maj748.MGU	Z4BOSSA	a
maj749.MGU	City1	b
maj749.MGU	ORKBCH44	b
maj750.MGU	Zydeco1	a
maj750.MGU	Z4BOSSA	b
maj751.MGU	RB_JACK5	a
maj751.MGU	ZZRHUMBA	a
maj752.MGU	Seeker	a
maj752.MGU	ChaGuiro	b
maj753.MGU	RB_JACK5	b
maj753.MGU	J!TRAD	b
maj754.MGU	MerSlow	a
maj754.MGU	MarcusM	a
maj755.MGU	R_PRINZ	a
maj755.MGU	Seeker	b
maj756.MGU	Big+	b
maj756.MGU	Big+	a
maj757.MGU	R_PRINZ	b
maj757.MGU	City1	a
maj758.MGU	J!TRAD	a
maj758.MGU	C_TIM	a
maj759.MGU	Sailing	b
maj759.MGU	MarcusM	b
maj760.MGU	Z4BOSSA	b
maj760.MGU	City1	a
maj761.MGU	ROCK8_2	a
maj761.MGU	RB_JACK5	a
maj762.MGU	RB_JACK5	b
maj762.MGU	Florida1	a
maj763.MGU	R_PRINZ	a
maj763.MGU	C_BILLY	b
maj764.MGU	Florida1	b
maj764.MGU	BGPOP	a
maj765.MGU	C_TIM	a
maj765.MGU	J!TRAD	a
maj766.MGU	ChaGuiro	a
maj766.MGU	R_PRINZ	b
maj767.MGU	MarcusM	b
maj767.MGU	Big+	a
maj768.MGU	MerSlow	a
maj768.MGU	ZZRHUMBA	a
maj769.MGU	C_BILLY	a
maj769.MGU	Big+	b
maj770.MGU	MerSlow	b
maj770.MGU	J!TRAD	b
maj771.MGU	Zydeco1	a
maj771.MGU	Zydeco1	b
maj772.MGU	ZZRHUMBA	b
maj772.MGU	LEANDER	a
maj773.MGU	MarcusM	a
maj773.MGU	Sailing	b
maj774.MGU	LEANDER	b
maj774.MGU	Seeker	a
maj775.MGU	ORKBCH44	b
maj775.MGU	Sailing	a
maj776.MGU	City1	b
maj776.MGU	C_TIM	b
maj777.MGU	Seeker	b
maj777.MGU	ROCK8_2	b
maj778.MGU	ORKBCH44	a
maj778.MGU	ChaGuiro	b
maj779.MGU	BGPOP	b
maj779.MGU	Z4BOSSA	a
maj780.MGU	MarcusM	b
maj780.MGU	Sailing	b
maj781.MGU	ZZRHUMBA	b
maj781.MGU	C_BILLY	a
maj782.MGU	C_TIM	b
maj782.MGU	ORKBCH44	a
maj783.MGU	J!TRAD	a
maj783.MGU	MarcusM	a
maj784.MGU	Z4BOSSA	a
maj784.MGU	BGPOP	a
maj785.MGU	C_BILLY	b
maj785.MGU	City1	b
maj786.MGU	LEANDER	b
maj786.MGU	Seeker	a
maj787.MGU	Z4BOSSA	b
maj787.MGU	ROCK8_2	b
maj788.MGU	Zydeco1	a
maj788.MGU	ZZRHUMBA	a
maj789.MGU	Florida1	a
maj789.MGU	Zydeco1	b
maj790.MGU	City1	a
maj790.MGU	ORKBCH44	b
maj791.MGU	Florida1	b
maj791.MGU	Big+	a
maj792.MGU	Seeker	b
maj792.MGU	LEANDER	a
maj793.MGU	J!TRAD	b
maj793.MGU	MerSlow	a
maj794.MGU	R_PRINZ	a
maj794.MGU	Big+	b
maj795.MGU	ChaGuiro	a
maj795.MGU	Sailing	a
maj796.MGU	C_TIM	a
maj796.MGU	ROCK8_2	a
maj797.MGU	BGPOP	b
maj797.MGU	RB_JACK5	a
maj798.MGU	MerSlow	b
maj798.MGU	R_PRINZ	b
maj799.MGU	RB_JACK5	b
maj799.MGU	ChaGuiro	b
maj800.MGU	Zydeco1	a
maj800.MGU	MarcusM	b
maj801.MGU	Zydeco1	b
maj801.MGU	Florida1	b
maj802.MGU	Z4BOSSA	a
maj802.MGU	ZZRHUMBA	b
maj803.MGU	ROCK8_2	a
maj803.MGU	BGPOP	b
maj804.MGU	C_TIM	a
maj804.MGU	MerSlow	a
maj805.MGU	RB_JACK5	a
maj805.MGU	City1	b
maj806.MGU	ROCK8_2	b
maj806.MGU	Sailing	b
maj807.MGU	ChaGuiro	a
maj807.MGU	Seeker	b
maj808.MGU	Sailing	a
maj808.MGU	Florida1	a
maj809.MGU	MarcusM	a
maj809.MGU	City1	a
maj810.MGU	BGPOP	a
maj810.MGU	J!TRAD	a
maj811.MGU	ChaGuiro	b
maj811.MGU	ORKBCH44	a
maj812.MGU	Z4BOSSA	b
maj812.MGU	J!TRAD	b
maj813.MGU	ZZRHUMBA	a
maj813.MGU	RB_JACK5	b
maj814.MGU	Big+	a
maj814.MGU	LEANDER	a
maj815.MGU	C_TIM	b
maj815.MGU	C_BILLY	b
maj816.MGU	C_BILLY	a
maj816.MGU	R_PRINZ	a
maj817.MGU	LEANDER	b
maj817.MGU	Big+	b
maj818.MGU	MerSlow	b
maj818.MGU	ORKBCH44	b
maj819.MGU	R_PRINZ	b
maj819.MGU	Seeker	a
maj820.MGU	Seeker	a
maj820.MGU	City1	b
maj821.MGU	ZZRHUMBA	a
maj821.MGU	ORKBCH44	a
maj822.MGU	C_BILLY	a
maj822.MGU	ZZRHUMBA	b
maj823.MGU	BGPOP	b
maj823.MGU	Sailing	a
maj824.MGU	MarcusM	a
maj824.MGU	MarcusM	b
maj825.MGU	ChaGuiro	a
maj825.MGU	MerSlow	a
maj826.MGU	Florida1	b
maj826.MGU	Seeker	b
maj827.MGU	Sailing	b
maj827.MGU	Zydeco1	b
maj828.MGU	C_TIM	a
maj828.MGU	LEANDER	b
maj829.MGU	City1	a
maj829.MGU	BGPOP	a
maj830.MGU	ORKBCH44	b
maj830.MGU	ROCK8_2	b
maj831.MGU	C_BILLY	b
maj831.MGU	RB_JACK5	a
maj832.MGU	J!TRAD	a
maj832.MGU	Florida1	a
maj833.MGU	ChaGuiro	b
maj833.MGU	Z4BOSSA	b
maj834.MGU	J!TRAD	b
maj834.MGU	R_PRINZ	a
maj835.MGU	ROCK8_2	a
maj835.MGU	R_PRINZ	b
maj836.MGU	Big+	b
maj836.MGU	RB_JACK5	b
maj837.MGU	MerSlow	b
maj837.MGU	Z4BOSSA	a
maj838.MGU	LEANDER	a
maj838.MGU	C_TIM	b
maj839.MGU	Zydeco1	a
maj839.MGU	Big+	a
maj840.MGU	LEANDER	b
maj840.MGU	C_TIM	b
maj841.MGU	City1	a
maj841.MGU	Big+	b
maj842.MGU	BGPOP	b
maj842.MGU	MerSlow	a
maj843.MGU	City1	b
maj843.MGU	Z4BOSSA	a
maj844.MGU	Seeker	a
maj844.MGU	R_PRINZ	a
maj845.MGU	Big+	a
maj845.MGU	Sailing	b
maj846.MGU	ROCK8_2	a
maj846.MGU	R_PRINZ	b
maj847.MGU	BGPOP	a
maj847.MGU	Florida1	b
maj848.MGU	MarcusM	a
maj848.MGU	ChaGuiro	a
maj849.MGU	J!TRAD	a
maj849.MGU	RB_JACK5	b
maj850.MGU	C_BILLY	b
maj850.MGU	J!TRAD	b
maj851.MGU	Sailing	a
maj851.MGU	ZZRHUMBA	a
maj852.MGU	ZZRHUMBA	b
maj852.MGU	ORKBCH44	b
maj853.MGU	Seeker	b
maj853.MGU	C_BILLY	a
maj854.MGU	ROCK8_2	b
maj854.MGU	Z4BOSSA	b
maj855.MGU	MerSlow	b
maj855.MGU	Zydeco1	a
maj856.MGU	ORKBCH44	a
maj856.MGU	MarcusM	b
maj857.MGU	C_TIM	a
maj857.MGU	Zydeco1	b
maj858.MGU	Florida1	a
maj858.MGU	LEANDER	a
maj859.MGU	ChaGuiro	b
maj859.MGU	RB_JACK5	a
maj860.MGU	MarcusM	b
maj860.MGU	Sailing	b
maj861.MGU	ORKBCH44	b
maj861.MGU	ZZRHUMBA	b
maj862.MGU	Seeker	a
maj862.MGU	RB_JACK5	b
maj863.MGU	City1	a
maj863.MGU	Seeker	b
maj864.MGU	ORKBCH44	a
maj864.MGU	R_PRINZ	b
maj865.MGU	Z4BOSSA	a
maj865.MGU	ChaGuiro	a
maj866.MGU	ROCK8_2	a
maj866.MGU	ChaGuiro	b
maj867.MGU	J!TRAD	a
maj867.MGU	ZZRHUMBA	a
maj868.MGU	R_PRINZ	a
maj868.MGU	C_TIM	b
maj869.MGU	Z4BOSSA	b
maj869.MGU	ROCK8_2	b
maj870.MGU	Florida1	b
maj870.MGU	Zydeco1	b
maj871.MGU	C_TIM	a
maj871.MGU	C_BILLY	b
maj872.MGU	LEANDER	a
maj872.MGU	Zydeco1	a
maj873.MGU	RB_JACK5	a
maj873.MGU	Sailing	a
maj874.MGU	City1	b
maj874.MGU	MarcusM	a
maj875.MGU	BGPOP	a
maj875.MGU	Big+	b
maj876.MGU	LEANDER	b
maj876.MGU	MerSlow	b
maj877.MGU	BGPOP	b
maj877.MGU	C_BILLY	a
maj878.MGU	J!TRAD	b
maj878.MGU	Florida1	a
maj879.MGU	MerSlow	a
maj879.MGU	Big+	a
maj880.MGU	RB_JACK5	b
maj880.MGU	Sailing	a
maj881.MGU	Sailing	b
maj881.MGU	ZZRHUMBA	a
maj882.MGU	Big+	a
maj882.MGU	BGPOP	a
maj883.MGU	City1	b
maj883.MGU	MerSlow	b
maj884.MGU	ChaGuiro	a
maj884.MGU	ROCK8_2	b
maj885.MGU	MarcusM	b
maj885.MGU	MerSlow	a
maj886.MGU	ROCK8_2	a
maj886.MGU	Big+	b
maj887.MGU	City1	a
maj887.MGU	LEANDER	b
maj888.MGU	Zydeco1	b
maj888.MGU	ZZRHUMBA	b
maj889.MGU	RB_JACK5	a
maj889.MGU	Florida1	b
maj890.MGU	C_TIM	b
maj890.MGU	J!TRAD	a
maj891.MGU	ORKBCH44	b
maj891.MGU	C_BILLY	b
maj892.MGU	C_TIM	a
maj892.MGU	Seeker	b
maj893.MGU	Z4BOSSA	b
maj893.MGU	ORKBCH44	a
maj894.MGU	R_PRINZ	a
maj894.MGU	Z4BOSSA	a
maj895.MGU	ChaGuiro	b
maj895.MGU	MarcusM	a
maj896.MGU	Florida1	a
maj896.MGU	Zydeco1	a
maj897.MGU	Seeker	a
maj897.MGU	LEANDER	a
maj898.MGU	R_PRINZ	b
maj898.MGU	BGPOP	b
maj899.MGU	C_BILLY	a
maj899.MGU	J!TRAD	b
maj900.MGU	ORKBCH44	b
maj900.MGU	C_TIM	a
maj901.MGU	Zydeco1	b
maj901.MGU	LEANDER	a
maj902.MGU	R_PRINZ	a
maj902.MGU	J!TRAD	b
maj903.MGU	Sailing	a
maj903.MGU	MarcusM	b
maj904.MGU	Zydeco1	a
maj904.MGU	ORKBCH44	a
maj905.MGU	R_PRINZ	b
maj905.MGU	City1	b
maj906.MGU	ROCK8_2	b
maj906.MGU	LEANDER	b
maj907.MGU	RB_JACK5	b
maj907.MGU	ChaGuiro	b
maj908.MGU	MerSlow	b
maj908.MGU	ChaGuiro	a
maj909.MGU	Z4BOSSA	a
maj909.MGU	City1	a
maj910.MGU	MerSlow	a
maj910.MGU	C_BILLY	b
maj911.MGU	RB_JACK5	a
maj911.MGU	Sailing	b
maj912.MGU	J!TRAD	a
maj912.MGU	Big+	b
maj913.MGU	C_TIM	b
maj913.MGU	ZZRHUMBA	b
maj914.MGU	Big+	a
maj914.MGU	Seeker	a
maj915.MGU	Florida1	a
maj915.MGU	BGPOP	b
maj916.MGU	ZZRHUMBA	a
maj916.MGU	Seeker	b
maj917.MGU	ROCK8_2	a
maj917.MGU	BGPOP	a
maj918.MGU	MarcusM	a
maj918.MGU	C_BILLY	a
maj919.MGU	Florida1	b
maj919.MGU	Z4BOSSA	b
maj920.MGU	Seeker	a
maj920.MGU	RB_JACK5	a
maj921.MGU	MarcusM	b
maj921.MGU	Florida1	a
maj922.MGU	Big+	b
maj922.MGU	J!TRAD	a
maj923.MGU	LEANDER	a
maj923.MGU	Z4BOSSA	b
maj924.MGU	Sailing	b
maj924.MGU	LEANDER	b
maj925.MGU	City1	a
maj925.MGU	Sailing	a
maj926.MGU	R_PRINZ	a
maj926.MGU	Zydeco1	a
maj927.MGU	J!TRAD	b
maj927.MGU	Seeker	b
maj928.MGU	MarcusM	a
maj928.MGU	MerSlow	b
maj929.MGU	R_PRINZ	b
maj929.MGU	C_BILLY	a
maj930.MGU	C_BILLY	b
maj930.MGU	Big+	a
maj931.MGU	BGPOP	b
maj931.MGU	City1	b
maj932.MGU	ROCK8_2	b
maj932.MGU	ROCK8_2	a
maj933.MGU	RB_JACK5	b
maj933.MGU	C_TIM	b
maj934.MGU	Z4BOSSA	a
maj934.MGU	C_TIM	a
maj935.MGU	ChaGuiro	a
maj935.MGU	ZZRHUMBA	b
maj936.MGU	BGPOP	a
maj936.MGU	Florida1	b
maj937.MGU	ChaGuiro	b
maj937.MGU	Zydeco1	b
maj938.MGU	MerSlow	a
maj938.MGU	ZZRHUMBA	a
maj939.MGU	ORKBCH44	b
maj939.MGU	ORKBCH44	a
maj940.MGU	Big+	b
maj940.MGU	C_TIM	b
maj941.MGU	ROCK8_2	b
maj941.MGU	LEANDER	a
maj942.MGU	R_PRINZ	a
maj942.MGU	Seeker	a
maj943.MGU	Sailing	b
maj943.MGU	LEANDER	b
maj944.MGU	ZZRHUMBA	a
maj944.MGU	Z4BOSSA	a
maj945.MGU	C_BILLY	b
maj945.MGU	Zydeco1	b
maj946.MGU	Big+	a
maj946.MGU	MerSlow	a
maj947.MGU	ORKBCH44	a
maj947.MGU	MarcusM	a
maj948.MGU	BGPOP	a
maj948.MGU	MerSlow	b
maj949.MGU	C_TIM	a
maj949.MGU	J!TRAD	b
maj950.MGU	BGPOP	b
maj950.MGU	City1	a
maj951.MGU	ZZRHUMBA	b
maj951.MGU	RB_JACK5	a
maj952.MGU	RB_JACK5	b
maj952.MGU	ChaGuiro	b
maj953.MGU	MarcusM	b
maj953.MGU	Sailing	a
maj954.MGU	J!TRAD	a
maj954.MGU	R_PRINZ	b
maj955.MGU	Z4BOSSA	b
maj955.MGU	Florida1	b
maj956.MGU	City1	b
maj956.MGU	Zydeco1	a
maj957.MGU	ROCK8_2	a
maj957.MGU	C_BILLY	a
maj958.MGU	ORKBCH44	b
maj958.MGU	Seeker	b
maj959.MGU	ChaGuiro	a
maj959.MGU	Florida1	a
maj960.MGU	ROCK8_2	b
maj960.MGU	LEANDER	a
maj961.MGU	Seeker	b
maj961.MGU	ChaGuiro	a
maj962.MGU	MarcusM	a
maj962.MGU	RB_JACK5	a
maj963.MGU	C_BILLY	a
maj963.MGU	Florida1	a
maj964.MGU	J!TRAD	a
maj964.MGU	Sailing	b
maj965.MGU	ORKBCH44	b
maj965.MGU	Z4BOSSA	a
maj966.MGU	ZZRHUMBA	b
maj966.MGU	RB_JACK5	b
maj967.MGU	Zydeco1	b
maj967.MGU	Big+	b
maj968.MGU	City1	a
maj968.MGU	BGPOP	b
maj969.MGU	ROCK8_2	a
maj969.MGU	MarcusM	b
maj970.MGU	R_PRINZ	b
maj970.MGU	Zydeco1	a
maj971.MGU	Z4BOSSA	b
maj971.MGU	Sailing	a
maj972.MGU	Seeker	a
maj972.MGU	C_BILLY	b
maj973.MGU	MerSlow	a
maj973.MGU	C_TIM	a
maj974.MGU	C_TIM	b
maj974.MGU	ChaGuiro	b
maj975.MGU	J!TRAD	b
maj975.MGU	Big+	a
maj976.MGU	MerSlow	b
maj976.MGU	R_PRINZ	a
maj977.MGU	Florida1	b
maj977.MGU	BGPOP	a
maj978.MGU	ZZRHUMBA	a
maj978.MGU	ORKBCH44	a
maj979.MGU	City1	b
maj979.MGU	LEANDER	b
maj980.MGU	R_PRINZ	a
maj980.MGU	ORKBCH44	a
maj981.MGU	J!TRAD	a
maj981.MGU	LEANDER	a
maj982.MGU	RB_JACK5	b
maj982.MGU	C_TIM	b
maj983.MGU	ROCK8_2	b
maj983.MGU	Z4BOSSA	b
maj984.MGU	C_TIM	a
maj984.MGU	ORKBCH44	b
maj985.MGU	RB_JACK5	a
maj985.MGU	ZZRHUMBA	b
maj986.MGU	BGPOP	a
maj986.MGU	Sailing	b
maj987.MGU	ChaGuiro	a
maj987.MGU	Sailing	a
maj988.MGU	MerSlow	b
maj988.MGU	J!TRAD	b
maj989.MGU	Z4BOSSA	a
maj989.MGU	Zydeco1	a
maj990.MGU	Florida1	b
maj990.MGU	MarcusM	a
maj991.MGU	LEANDER	b
maj991.MGU	BGPOP	b
maj992.MGU	ROCK8_2	a
maj992.MGU	MerSlow	a
maj993.MGU	Big+	a
maj993.MGU	ChaGuiro	b
maj994.MGU	MarcusM	b
maj994.MGU	Zydeco1	b
maj995.MGU	Florida1	a
maj995.MGU	ZZRHUMBA	a
maj996.MGU	Seeker	a
maj996.MGU	Big+	b
maj997.MGU	City1	a
maj997.MGU	C_BILLY	b
maj998.MGU	R_PRINZ	b
maj998.MGU	Seeker	b
maj999.MGU	C_BILLY	a
maj999.MGU	City1	b
min100.MGU	Z4BOSSA	a
min100.MGU	Florida1	b
min101.MGU	LEANDER	b
min101.MGU	C_BILLY	a
min102.MGU	City1	a
min102.MGU	Big+	b
min103.MGU	ORKBCH44	b
min103.MGU	MarcusM	a
min104.MGU	RB_JACK5	b
min104.MGU	ChaGuiro	a
min105.MGU	C_TIM	a
min105.MGU	ROCK8_2	a
min106.MGU	Florida1	a
min106.MGU	City1	b
min107.MGU	Zydeco1	b
min107.MGU	Sailing	a
min108.MGU	MerSlow	a
min108.MGU	Zydeco1	a
min109.MGU	RB_JACK5	a
min109.MGU	ZZRHUMBA	b
min110.MGU	BGPOP	b
min110.MGU	Seeker	a
min111.MGU	ROCK8_2	b
min111.MGU	MarcusM	b
min112.MGU	MerSlow	b
min112.MGU	ChaGuiro	b
min113.MGU	LEANDER	a
min113.MGU	Z4BOSSA	b
min114.MGU	C_TIM	b
min114.MGU	Seeker	b
min115.MGU	BGPOP	a
min115.MGU	Big+	a
min116.MGU	C_BILLY	b
min116.MGU	R_PRINZ	b
min117.MGU	R_PRINZ	a
min117.MGU	ORKBCH44	a
min118.MGU	J!TRAD	b
min118.MGU	Sailing	b
min119.MGU	J!TRAD	a
min119.MGU	ZZRHUMBA	a
min120.MGU	City1	b
min120.MGU	Seeker	a
min121.MGU	ChaGuiro	b
min121.MGU	ZZRHUMBA	b
min122.MGU	LEANDER	a
min122.MGU	ORKBCH44	a
min123.MGU	RB_JACK5	b
min123.MGU	ORKBCH44	b
min124.MGU	Florida1	b
min124.MGU	Big+	a
min125.MGU	Zydeco1	b
min125.MGU	LEANDER	b
min126.MGU	C_TIM	b
min126.MGU	J!TRAD	b
min127.MGU	MerSlow	a
min127.MGU	RB_JACK5	a
min128.MGU	R_PRINZ	a
min128.MGU	Sailing	b
min129.MGU	Sailing	a
min129.MGU	MerSlow	b
min130.MGU	City1	a
min130.MGU	MarcusM	b
min131.MGU	J!TRAD	a
min131.MGU	MarcusM	a
min132.MGU	C_TIM	a
min132.MGU	ZZRHUMBA	a
min133.MGU	R_PRINZ	b
min133.MGU	Z4BOSSA	b
min134.MGU	ROCK8_2	b
min134.MGU	Zydeco1	a
min135.MGU	Florida1	a
min135.MGU	BGPOP	a
min136.MGU	ChaGuiro	a
min136.MGU	Z4BOSSA	a
min137.MGU	C_BILLY	b
min137.MGU	Big+	b
min138.MGU	ROCK8_2	a
min138.MGU	BGPOP	b
min139.MGU	Seeker	b
min139.MGU	C_BILLY	a
min140.MGU	J!TRAD	b
min140.MGU	MerSlow	a
min141.MGU	BGPOP	b
min141.MGU	Big+	b
min142.MGU	ZZRHUMBA	a
min142.MGU	City1	b
min143.MGU	Seeker	b
min143.MGU	Florida1	b
min144.MGU	C_BILLY	a
min144.MGU	ChaGuiro	a
min145.MGU	C_TIM	a
min145.MGU	J!TRAD	a
min146.MGU	LEANDER	a
min146.MGU	Z4BOSSA	a
min147.MGU	ROCK8_2	b
min147.MGU	MerSlow	b
min148.MGU	R_PRINZ	b
min148.MGU	RB_JACK5	b
min149.MGU	ROCK8_2	a
min149.MGU	ORKBCH44	b
min150.MGU	C_BILLY	b
min150.MGU	RB_JACK5	a
min151.MGU	Zydeco1	b
min151.MGU	Seeker	a
min152.MGU	Florida1	a
min152.MGU	MarcusM	a
min153.MGU	City1	a
min153.MGU	BGPOP	a
min154.MGU	R_PRINZ	a
min154.MGU	Sailing	b
min155.MGU	MarcusM	b
min155.MGU	ORKBCH44	a
min156.MGU	Sailing	a
min156.MGU	C_TIM	b
min157.MGU	LEANDER	b
min157.MGU	ChaGuiro	b
min158.MGU	ZZRHUMBA	b
min158.MGU	Zydeco1	a
min159.MGU	Big+	a
min159.MGU	Z4BOSSA	b
min160.MGU	MerSlow	a
min160.MGU	ROCK8_2	b
min161.MGU	ROCK8_2	a
min161.MGU	R_PRINZ	b
min162.MGU	RB_JACK5	b
min162.MGU	ChaGuiro	a
min163.MGU	ORKBCH44	b
min163.MGU	ZZRHUMBA	a
min164.MGU	Big+	b
min164.MGU	Florida1	b
min165.MGU	RB_JACK5	a
min165.MGU	ORKBCH44	a
min166.MGU	Seeker	b
min166.MGU	Z4BOSSA	b
min167.MGU	City1	a
min167.MGU	J!TRAD	b
min168.MGU	ChaGuiro	b
min168.MGU	Zydeco1	b
min169.MGU	MarcusM	b
min169.MGU	R_PRINZ	a
min170.MGU	C_BILLY	b
min170.MGU	Seeker	a
min171.MGU	Sailing	b
min171.MGU	Big+	a
min172.MGU	C_TIM	a
min172.MGU	City1	b
min173.MGU	BGPOP	b
min173.MGU	LEANDER	a
min174.MGU	MerSlow	b
min174.MGU	Florida1	a
min175.MGU	Sailing	a
min175.MGU	J!TRAD	a
min176.MGU	C_TIM	b
min176.MGU	BGPOP	a
min177.MGU	ZZRHUMBA	b
min177.MGU	C_BILLY	a
min178.MGU	Zydeco1	a
min178.MGU	Z4BOSSA	a
min179.MGU	LEANDER	b
min179.MGU	MarcusM	a
min180.MGU	Z4BOSSA	b
min180.MGU	R_PRINZ	a
min181.MGU	BGPOP	b
min181.MGU	Sailing	b
min182.MGU	City1	b
min182.MGU	ChaGuiro	a
min183.MGU	Florida1	a
min183.MGU	BGPOP	a
min184.MGU	ZZRHUMBA	a
min184.MGU	C_TIM	b
min185.MGU	Seeker	a
min185.MGU	MarcusM	b
min186.MGU	ChaGuiro	b
min186.MGU	Zydeco1	a
min187.MGU	LEANDER	a
min187.MGU	C_BILLY	a
min188.MGU	Big+	b
min188.MGU	MarcusM	a
min189.MGU	LEANDER	b
min189.MGU	MerSlow	a
min190.MGU	Big+	a
min190.MGU	ORKBCH44	b
min191.MGU	Z4BOSSA	a
min191.MGU	RB_JACK5	a
min192.MGU	C_BILLY	b
min192.MGU	Florida1	b
min193.MGU	ROCK8_2	a
min193.MGU	ZZRHUMBA	b
min194.MGU	ORKBCH44	a
min194.MGU	R_PRINZ	b
min195.MGU	J!TRAD	a
min195.MGU	City1	a
min196.MGU	Zydeco1	b
min196.MGU	RB_JACK5	b
min197.MGU	J!TRAD	b
min197.MGU	Sailing	a
min198.MGU	ROCK8_2	b
min198.MGU	C_TIM	a
min199.MGU	MerSlow	b
min199.MGU	Seeker	b
